id, speed_limit, speed_excess, fine, created_at, updated_at
1, 50, 1, 34, 2022-10-31 19:29:33, 2022-10-31 19:29:33
2, 50, 2, 34, 2022-10-31 19:29:33, 2022-10-31 19:29:33
3, 50, 3, 34, 2022-10-31 19:29:33, 2022-10-31 19:29:33
4, 50, 4, 34, 2022-10-31 19:29:33, 2022-10-31 19:29:33
5, 50, 5, 34, 2022-10-31 19:29:33, 2022-10-31 19:29:33
6, 50, 6, 84, 2022-10-31 19:29:33, 2022-10-31 19:29:33
7, 50, 7, 84, 2022-10-31 19:29:33, 2022-10-31 19:29:33
8, 50, 8, 84, 2022-10-31 19:29:33, 2022-10-31 19:29:33
9, 50, 9, 84, 2022-10-31 19:29:33, 2022-10-31 19:29:33
10, 50, 10, 84, 2022-10-31 19:29:33, 2022-10-31 19:29:33
11, 50, 11, 154, 2022-10-31 19:29:33, 2022-10-31 19:29:33
12, 50, 12, 154, 2022-10-31 19:29:33, 2022-10-31 19:29:33
13, 50, 13, 154, 2022-10-31 19:29:33, 2022-10-31 19:29:33
14, 50, 14, 154, 2022-10-31 19:29:33, 2022-10-31 19:29:33
15, 50, 15, 154, 2022-10-31 19:29:33, 2022-10-31 19:29:33
16, 50, 16, 224, 2022-10-31 19:29:33, 2022-10-31 19:29:33
17, 50, 17, 224, 2022-10-31 19:29:33, 2022-10-31 19:29:33
18, 50, 18, 224, 2022-10-31 19:29:33, 2022-10-31 19:29:33
19, 50, 19, 224, 2022-10-31 19:29:33, 2022-10-31 19:29:33
20, 50, 20, 224, 2022-10-31 19:29:33, 2022-10-31 19:29:33
21, 50, 21, 294, 2022-10-31 19:29:33, 2022-10-31 19:29:33
22, 50, 22, 294, 2022-10-31 19:29:33, 2022-10-31 19:29:33
23, 50, 23, 294, 2022-10-31 19:29:33, 2022-10-31 19:29:33
24, 50, 24, 294, 2022-10-31 19:29:33, 2022-10-31 19:29:33
25, 50, 25, 294, 2022-10-31 19:29:33, 2022-10-31 19:29:33
26, 50, 26, 364, 2022-10-31 19:29:33, 2022-10-31 19:29:33
27, 50, 27, 364, 2022-10-31 19:29:33, 2022-10-31 19:29:33
28, 50, 28, 364, 2022-10-31 19:29:33, 2022-10-31 19:29:33
29, 50, 29, 364, 2022-10-31 19:29:33, 2022-10-31 19:29:33
30, 50, 30, 364, 2022-10-31 19:29:33, 2022-10-31 19:29:33
31, 50, 31, 434, 2022-10-31 19:29:33, 2022-10-31 19:29:33
32, 50, 32, 434, 2022-10-31 19:29:33, 2022-10-31 19:29:33
33, 50, 33, 434, 2022-10-31 19:29:33, 2022-10-31 19:29:33
34, 50, 34, 434, 2022-10-31 19:29:33, 2022-10-31 19:29:33
35, 50, 35, 434, 2022-10-31 19:29:33, 2022-10-31 19:29:33
36, 50, 36, 504, 2022-10-31 19:29:33, 2022-10-31 19:29:33
37, 50, 37, 504, 2022-10-31 19:29:33, 2022-10-31 19:29:33
38, 50, 38, 504, 2022-10-31 19:29:33, 2022-10-31 19:29:33
39, 50, 39, 504, 2022-10-31 19:29:33, 2022-10-31 19:29:33
40, 50, 40, 504, 2022-10-31 19:29:33, 2022-10-31 19:29:33
41, 50, 41, 574, 2022-10-31 19:29:33, 2022-10-31 19:29:33
42, 50, 42, 574, 2022-10-31 19:29:33, 2022-10-31 19:29:33
43, 50, 43, 574, 2022-10-31 19:29:33, 2022-10-31 19:29:33
44, 50, 44, 574, 2022-10-31 19:29:33, 2022-10-31 19:29:33
45, 50, 45, 574, 2022-10-31 19:29:33, 2022-10-31 19:29:33
46, 50, 46, 644, 2022-10-31 19:29:33, 2022-10-31 19:29:33
47, 50, 47, 644, 2022-10-31 19:29:33, 2022-10-31 19:29:33
48, 50, 48, 644, 2022-10-31 19:29:33, 2022-10-31 19:29:33
49, 50, 49, 644, 2022-10-31 19:29:33, 2022-10-31 19:29:33
50, 50, 50, 644, 2022-10-31 19:29:33, 2022-10-31 19:29:33
51, 50, 51, 714, 2022-10-31 19:29:33, 2022-10-31 19:29:33
52, 50, 52, 714, 2022-10-31 19:29:33, 2022-10-31 19:29:33
53, 50, 53, 714, 2022-10-31 19:29:33, 2022-10-31 19:29:33
54, 50, 54, 714, 2022-10-31 19:29:33, 2022-10-31 19:29:33
55, 50, 55, 714, 2022-10-31 19:29:33, 2022-10-31 19:29:33
56, 50, 56, 784, 2022-10-31 19:29:33, 2022-10-31 19:29:33
57, 50, 57, 784, 2022-10-31 19:29:33, 2022-10-31 19:29:33
58, 50, 58, 784, 2022-10-31 19:29:33, 2022-10-31 19:29:33
59, 50, 59, 784, 2022-10-31 19:29:33, 2022-10-31 19:29:33
60, 50, 60, 784, 2022-10-31 19:29:33, 2022-10-31 19:29:33
61, 50, 61, 854, 2022-10-31 19:29:33, 2022-10-31 19:29:33
62, 50, 62, 854, 2022-10-31 19:29:33, 2022-10-31 19:29:33
63, 50, 63, 854, 2022-10-31 19:29:33, 2022-10-31 19:29:33
64, 50, 64, 854, 2022-10-31 19:29:33, 2022-10-31 19:29:33
65, 50, 65, 854, 2022-10-31 19:29:33, 2022-10-31 19:29:33
66, 50, 66, 924, 2022-10-31 19:29:33, 2022-10-31 19:29:33
67, 50, 67, 924, 2022-10-31 19:29:33, 2022-10-31 19:29:33
68, 50, 68, 924, 2022-10-31 19:29:33, 2022-10-31 19:29:33
69, 50, 69, 924, 2022-10-31 19:29:33, 2022-10-31 19:29:33
70, 50, 70, 924, 2022-10-31 19:29:33, 2022-10-31 19:29:33
71, 50, 71, 994, 2022-10-31 19:29:33, 2022-10-31 19:29:33
72, 50, 72, 994, 2022-10-31 19:29:33, 2022-10-31 19:29:33
73, 50, 73, 994, 2022-10-31 19:29:33, 2022-10-31 19:29:33
74, 50, 74, 994, 2022-10-31 19:29:33, 2022-10-31 19:29:33
75, 50, 75, 994, 2022-10-31 19:29:33, 2022-10-31 19:29:33
76, 50, 76, 1064, 2022-10-31 19:29:33, 2022-10-31 19:29:33
77, 50, 77, 1064, 2022-10-31 19:29:33, 2022-10-31 19:29:33
78, 50, 78, 1064, 2022-10-31 19:29:33, 2022-10-31 19:29:33
79, 50, 79, 1064, 2022-10-31 19:29:33, 2022-10-31 19:29:33
80, 50, 80, 1064, 2022-10-31 19:29:33, 2022-10-31 19:29:33
81, 50, 81, 1134, 2022-10-31 19:29:33, 2022-10-31 19:29:33
82, 50, 82, 1134, 2022-10-31 19:29:33, 2022-10-31 19:29:33
83, 50, 83, 1134, 2022-10-31 19:29:33, 2022-10-31 19:29:33
84, 50, 84, 1134, 2022-10-31 19:29:33, 2022-10-31 19:29:33
85, 50, 85, 1134, 2022-10-31 19:29:33, 2022-10-31 19:29:33
86, 50, 86, 1204, 2022-10-31 19:29:33, 2022-10-31 19:29:33
87, 50, 87, 1204, 2022-10-31 19:29:33, 2022-10-31 19:29:33
88, 50, 88, 1204, 2022-10-31 19:29:33, 2022-10-31 19:29:33
89, 50, 89, 1204, 2022-10-31 19:29:33, 2022-10-31 19:29:33
90, 50, 90, 1204, 2022-10-31 19:29:33, 2022-10-31 19:29:33
91, 50, 91, 1274, 2022-10-31 19:29:33, 2022-10-31 19:29:33
92, 50, 92, 1274, 2022-10-31 19:29:33, 2022-10-31 19:29:33
93, 50, 93, 1274, 2022-10-31 19:29:33, 2022-10-31 19:29:33
94, 50, 94, 1274, 2022-10-31 19:29:33, 2022-10-31 19:29:33
95, 50, 95, 1274, 2022-10-31 19:29:33, 2022-10-31 19:29:33
96, 50, 96, 1344, 2022-10-31 19:29:33, 2022-10-31 19:29:33
97, 50, 97, 1344, 2022-10-31 19:29:33, 2022-10-31 19:29:33
98, 50, 98, 1344, 2022-10-31 19:29:33, 2022-10-31 19:29:33
99, 50, 99, 1344, 2022-10-31 19:29:33, 2022-10-31 19:29:33
100, 50, 100, 1344, 2022-10-31 19:29:33, 2022-10-31 19:29:33
101, 50, 101, 1414, 2022-10-31 19:29:33, 2022-10-31 19:29:33
102, 50, 102, 1414, 2022-10-31 19:29:33, 2022-10-31 19:29:33
103, 50, 103, 1414, 2022-10-31 19:29:33, 2022-10-31 19:29:33
104, 50, 104, 1414, 2022-10-31 19:29:33, 2022-10-31 19:29:33
105, 50, 105, 1414, 2022-10-31 19:29:33, 2022-10-31 19:29:33
106, 50, 106, 1484, 2022-10-31 19:29:33, 2022-10-31 19:29:33
107, 50, 107, 1484, 2022-10-31 19:29:33, 2022-10-31 19:29:33
108, 50, 108, 1484, 2022-10-31 19:29:33, 2022-10-31 19:29:33
109, 50, 109, 1484, 2022-10-31 19:29:33, 2022-10-31 19:29:33
110, 50, 110, 1484, 2022-10-31 19:29:33, 2022-10-31 19:29:33
111, 50, 111, 1554, 2022-10-31 19:29:33, 2022-10-31 19:29:33
112, 50, 112, 1554, 2022-10-31 19:29:33, 2022-10-31 19:29:33
113, 50, 113, 1554, 2022-10-31 19:29:33, 2022-10-31 19:29:33
114, 50, 114, 1554, 2022-10-31 19:29:33, 2022-10-31 19:29:33
115, 50, 115, 1554, 2022-10-31 19:29:33, 2022-10-31 19:29:33
116, 50, 116, 1624, 2022-10-31 19:29:33, 2022-10-31 19:29:33
117, 50, 117, 1624, 2022-10-31 19:29:33, 2022-10-31 19:29:33
118, 50, 118, 1624, 2022-10-31 19:29:33, 2022-10-31 19:29:33
119, 50, 119, 1624, 2022-10-31 19:29:33, 2022-10-31 19:29:33
120, 50, 120, 1624, 2022-10-31 19:29:33, 2022-10-31 19:29:33
121, 50, 121, 1694, 2022-10-31 19:29:33, 2022-10-31 19:29:33
122, 50, 122, 1694, 2022-10-31 19:29:33, 2022-10-31 19:29:33
123, 50, 123, 1694, 2022-10-31 19:29:33, 2022-10-31 19:29:33
124, 50, 124, 1694, 2022-10-31 19:29:33, 2022-10-31 19:29:33
125, 50, 125, 1694, 2022-10-31 19:29:33, 2022-10-31 19:29:33
126, 50, 126, 1764, 2022-10-31 19:29:33, 2022-10-31 19:29:33
127, 50, 127, 1764, 2022-10-31 19:29:33, 2022-10-31 19:29:33
128, 50, 128, 1764, 2022-10-31 19:29:33, 2022-10-31 19:29:33
129, 50, 129, 1764, 2022-10-31 19:29:33, 2022-10-31 19:29:33
130, 50, 130, 1764, 2022-10-31 19:29:33, 2022-10-31 19:29:33
131, 50, 131, 1834, 2022-10-31 19:29:33, 2022-10-31 19:29:33
132, 50, 132, 1834, 2022-10-31 19:29:33, 2022-10-31 19:29:33
133, 50, 133, 1834, 2022-10-31 19:29:33, 2022-10-31 19:29:33
134, 50, 134, 1834, 2022-10-31 19:29:33, 2022-10-31 19:29:33
135, 50, 135, 1834, 2022-10-31 19:29:33, 2022-10-31 19:29:33
136, 50, 136, 1904, 2022-10-31 19:29:33, 2022-10-31 19:29:33
137, 50, 137, 1904, 2022-10-31 19:29:33, 2022-10-31 19:29:33
138, 50, 138, 1904, 2022-10-31 19:29:33, 2022-10-31 19:29:33
139, 50, 139, 1904, 2022-10-31 19:29:33, 2022-10-31 19:29:33
140, 50, 140, 1904, 2022-10-31 19:29:33, 2022-10-31 19:29:33
141, 50, 141, 1974, 2022-10-31 19:29:33, 2022-10-31 19:29:33
142, 50, 142, 1974, 2022-10-31 19:29:33, 2022-10-31 19:29:33
143, 50, 143, 1974, 2022-10-31 19:29:33, 2022-10-31 19:29:33
144, 50, 144, 1974, 2022-10-31 19:29:33, 2022-10-31 19:29:33
145, 50, 145, 1974, 2022-10-31 19:29:33, 2022-10-31 19:29:33
146, 50, 146, 2044, 2022-10-31 19:29:33, 2022-10-31 19:29:33
147, 50, 147, 2044, 2022-10-31 19:29:33, 2022-10-31 19:29:33
148, 50, 148, 2044, 2022-10-31 19:29:33, 2022-10-31 19:29:33
149, 50, 149, 2044, 2022-10-31 19:29:33, 2022-10-31 19:29:33
150, 50, 150, 2044, 2022-10-31 19:29:33, 2022-10-31 19:29:33
151, 50, 151, 2114, 2022-10-31 19:29:33, 2022-10-31 19:29:33
152, 50, 152, 2114, 2022-10-31 19:29:33, 2022-10-31 19:29:33
153, 50, 153, 2114, 2022-10-31 19:29:33, 2022-10-31 19:29:33
154, 50, 154, 2114, 2022-10-31 19:29:33, 2022-10-31 19:29:33
155, 50, 155, 2114, 2022-10-31 19:29:33, 2022-10-31 19:29:33
156, 50, 156, 2184, 2022-10-31 19:29:33, 2022-10-31 19:29:33
157, 50, 157, 2184, 2022-10-31 19:29:33, 2022-10-31 19:29:33
158, 50, 158, 2184, 2022-10-31 19:29:33, 2022-10-31 19:29:33
159, 50, 159, 2184, 2022-10-31 19:29:33, 2022-10-31 19:29:33
160, 50, 160, 2184, 2022-10-31 19:29:33, 2022-10-31 19:29:33
161, 50, 161, 2254, 2022-10-31 19:29:33, 2022-10-31 19:29:33
162, 50, 162, 2254, 2022-10-31 19:29:33, 2022-10-31 19:29:33
163, 50, 163, 2254, 2022-10-31 19:29:33, 2022-10-31 19:29:33
164, 50, 164, 2254, 2022-10-31 19:29:33, 2022-10-31 19:29:33
165, 50, 165, 2254, 2022-10-31 19:29:33, 2022-10-31 19:29:33
166, 50, 166, 2324, 2022-10-31 19:29:33, 2022-10-31 19:29:33
167, 50, 167, 2324, 2022-10-31 19:29:33, 2022-10-31 19:29:33
168, 50, 168, 2324, 2022-10-31 19:29:33, 2022-10-31 19:29:33
169, 50, 169, 2324, 2022-10-31 19:29:33, 2022-10-31 19:29:33
170, 50, 170, 2324, 2022-10-31 19:29:33, 2022-10-31 19:29:33
171, 50, 171, 2394, 2022-10-31 19:29:33, 2022-10-31 19:29:33
172, 50, 172, 2394, 2022-10-31 19:29:33, 2022-10-31 19:29:33
173, 50, 173, 2394, 2022-10-31 19:29:33, 2022-10-31 19:29:33
174, 50, 174, 2394, 2022-10-31 19:29:33, 2022-10-31 19:29:33
175, 50, 175, 2394, 2022-10-31 19:29:33, 2022-10-31 19:29:33
176, 50, 176, 2464, 2022-10-31 19:29:33, 2022-10-31 19:29:33
177, 50, 177, 2464, 2022-10-31 19:29:33, 2022-10-31 19:29:33
178, 50, 178, 2464, 2022-10-31 19:29:33, 2022-10-31 19:29:33
179, 50, 179, 2464, 2022-10-31 19:29:33, 2022-10-31 19:29:33
180, 50, 180, 2464, 2022-10-31 19:29:33, 2022-10-31 19:29:33
181, 50, 181, 2534, 2022-10-31 19:29:33, 2022-10-31 19:29:33
182, 50, 182, 2534, 2022-10-31 19:29:33, 2022-10-31 19:29:33
183, 50, 183, 2534, 2022-10-31 19:29:33, 2022-10-31 19:29:33
184, 50, 184, 2534, 2022-10-31 19:29:33, 2022-10-31 19:29:33
185, 50, 185, 2534, 2022-10-31 19:29:33, 2022-10-31 19:29:33
186, 50, 186, 2604, 2022-10-31 19:29:33, 2022-10-31 19:29:33
187, 50, 187, 2604, 2022-10-31 19:29:33, 2022-10-31 19:29:33
188, 50, 188, 2604, 2022-10-31 19:29:33, 2022-10-31 19:29:33
189, 50, 189, 2604, 2022-10-31 19:29:33, 2022-10-31 19:29:33
190, 50, 190, 2604, 2022-10-31 19:29:33, 2022-10-31 19:29:33
191, 50, 191, 2674, 2022-10-31 19:29:33, 2022-10-31 19:29:33
192, 50, 192, 2674, 2022-10-31 19:29:33, 2022-10-31 19:29:33
193, 50, 193, 2674, 2022-10-31 19:29:33, 2022-10-31 19:29:33
194, 50, 194, 2674, 2022-10-31 19:29:33, 2022-10-31 19:29:33
195, 50, 195, 2674, 2022-10-31 19:29:33, 2022-10-31 19:29:33
196, 50, 196, 2744, 2022-10-31 19:29:33, 2022-10-31 19:29:33
197, 50, 197, 2744, 2022-10-31 19:29:33, 2022-10-31 19:29:33
198, 50, 198, 2744, 2022-10-31 19:29:33, 2022-10-31 19:29:33
199, 50, 199, 2744, 2022-10-31 19:29:33, 2022-10-31 19:29:33
200, 50, 200, 2744, 2022-10-31 19:29:33, 2022-10-31 19:29:33
201, 50, 201, 2814, 2022-10-31 19:29:33, 2022-10-31 19:29:33
202, 50, 202, 2814, 2022-10-31 19:29:33, 2022-10-31 19:29:33
203, 50, 203, 2814, 2022-10-31 19:29:33, 2022-10-31 19:29:33
204, 50, 204, 2814, 2022-10-31 19:29:33, 2022-10-31 19:29:33
205, 50, 205, 2814, 2022-10-31 19:29:33, 2022-10-31 19:29:33
206, 80, 1, 32, 2022-10-31 19:29:33, 2022-10-31 19:29:33
207, 80, 2, 32, 2022-10-31 19:29:33, 2022-10-31 19:29:33
208, 80, 3, 32, 2022-10-31 19:29:33, 2022-10-31 19:29:33
209, 80, 4, 32, 2022-10-31 19:29:33, 2022-10-31 19:29:33
210, 80, 5, 32, 2022-10-31 19:29:33, 2022-10-31 19:29:33
211, 80, 6, 72, 2022-10-31 19:29:33, 2022-10-31 19:29:33
212, 80, 7, 72, 2022-10-31 19:29:33, 2022-10-31 19:29:33
213, 80, 8, 72, 2022-10-31 19:29:33, 2022-10-31 19:29:33
214, 80, 9, 72, 2022-10-31 19:29:33, 2022-10-31 19:29:33
215, 80, 10, 72, 2022-10-31 19:29:33, 2022-10-31 19:29:33
216, 80, 11, 132, 2022-10-31 19:29:33, 2022-10-31 19:29:33
217, 80, 12, 132, 2022-10-31 19:29:33, 2022-10-31 19:29:33
218, 80, 13, 132, 2022-10-31 19:29:33, 2022-10-31 19:29:33
219, 80, 14, 132, 2022-10-31 19:29:33, 2022-10-31 19:29:33
220, 80, 15, 132, 2022-10-31 19:29:33, 2022-10-31 19:29:33
221, 80, 16, 192, 2022-10-31 19:29:33, 2022-10-31 19:29:33
222, 80, 17, 192, 2022-10-31 19:29:33, 2022-10-31 19:29:33
223, 80, 18, 192, 2022-10-31 19:29:33, 2022-10-31 19:29:33
224, 80, 19, 192, 2022-10-31 19:29:33, 2022-10-31 19:29:33
225, 80, 20, 192, 2022-10-31 19:29:33, 2022-10-31 19:29:33
226, 80, 21, 252, 2022-10-31 19:29:33, 2022-10-31 19:29:33
227, 80, 22, 252, 2022-10-31 19:29:33, 2022-10-31 19:29:33
228, 80, 23, 252, 2022-10-31 19:29:33, 2022-10-31 19:29:33
229, 80, 24, 252, 2022-10-31 19:29:33, 2022-10-31 19:29:33
230, 80, 25, 252, 2022-10-31 19:29:33, 2022-10-31 19:29:33
231, 80, 26, 312, 2022-10-31 19:29:33, 2022-10-31 19:29:33
232, 80, 27, 312, 2022-10-31 19:29:33, 2022-10-31 19:29:33
233, 80, 28, 312, 2022-10-31 19:29:33, 2022-10-31 19:29:33
234, 80, 29, 312, 2022-10-31 19:29:33, 2022-10-31 19:29:33
235, 80, 30, 312, 2022-10-31 19:29:33, 2022-10-31 19:29:33
236, 80, 31, 372, 2022-10-31 19:29:33, 2022-10-31 19:29:33
237, 80, 32, 372, 2022-10-31 19:29:33, 2022-10-31 19:29:33
238, 80, 33, 372, 2022-10-31 19:29:33, 2022-10-31 19:29:33
239, 80, 34, 372, 2022-10-31 19:29:33, 2022-10-31 19:29:33
240, 80, 35, 372, 2022-10-31 19:29:33, 2022-10-31 19:29:33
241, 80, 36, 432, 2022-10-31 19:29:33, 2022-10-31 19:29:33
242, 80, 37, 432, 2022-10-31 19:29:33, 2022-10-31 19:29:33
243, 80, 38, 432, 2022-10-31 19:29:33, 2022-10-31 19:29:33
244, 80, 39, 432, 2022-10-31 19:29:33, 2022-10-31 19:29:33
245, 80, 40, 432, 2022-10-31 19:29:33, 2022-10-31 19:29:33
246, 80, 41, 492, 2022-10-31 19:29:33, 2022-10-31 19:29:33
247, 80, 42, 492, 2022-10-31 19:29:33, 2022-10-31 19:29:33
248, 80, 43, 492, 2022-10-31 19:29:33, 2022-10-31 19:29:33
249, 80, 44, 492, 2022-10-31 19:29:33, 2022-10-31 19:29:33
250, 80, 45, 492, 2022-10-31 19:29:33, 2022-10-31 19:29:33
251, 80, 46, 552, 2022-10-31 19:29:33, 2022-10-31 19:29:33
252, 80, 47, 552, 2022-10-31 19:29:33, 2022-10-31 19:29:33
253, 80, 48, 552, 2022-10-31 19:29:33, 2022-10-31 19:29:33
254, 80, 49, 552, 2022-10-31 19:29:33, 2022-10-31 19:29:33
255, 80, 50, 552, 2022-10-31 19:29:33, 2022-10-31 19:29:33
256, 80, 51, 612, 2022-10-31 19:29:33, 2022-10-31 19:29:33
257, 80, 52, 612, 2022-10-31 19:29:33, 2022-10-31 19:29:33
258, 80, 53, 612, 2022-10-31 19:29:33, 2022-10-31 19:29:33
259, 80, 54, 612, 2022-10-31 19:29:33, 2022-10-31 19:29:33
260, 80, 55, 612, 2022-10-31 19:29:33, 2022-10-31 19:29:33
261, 80, 56, 672, 2022-10-31 19:29:33, 2022-10-31 19:29:33
262, 80, 57, 672, 2022-10-31 19:29:33, 2022-10-31 19:29:33
263, 80, 58, 672, 2022-10-31 19:29:33, 2022-10-31 19:29:33
264, 80, 59, 672, 2022-10-31 19:29:33, 2022-10-31 19:29:33
265, 80, 60, 672, 2022-10-31 19:29:33, 2022-10-31 19:29:33
266, 80, 61, 732, 2022-10-31 19:29:33, 2022-10-31 19:29:33
267, 80, 62, 732, 2022-10-31 19:29:33, 2022-10-31 19:29:33
268, 80, 63, 732, 2022-10-31 19:29:33, 2022-10-31 19:29:33
269, 80, 64, 732, 2022-10-31 19:29:33, 2022-10-31 19:29:33
270, 80, 65, 732, 2022-10-31 19:29:33, 2022-10-31 19:29:33
271, 80, 66, 792, 2022-10-31 19:29:33, 2022-10-31 19:29:33
272, 80, 67, 792, 2022-10-31 19:29:33, 2022-10-31 19:29:33
273, 80, 68, 792, 2022-10-31 19:29:33, 2022-10-31 19:29:33
274, 80, 69, 792, 2022-10-31 19:29:33, 2022-10-31 19:29:33
275, 80, 70, 792, 2022-10-31 19:29:33, 2022-10-31 19:29:33
276, 80, 71, 852, 2022-10-31 19:29:33, 2022-10-31 19:29:33
277, 80, 72, 852, 2022-10-31 19:29:33, 2022-10-31 19:29:33
278, 80, 73, 852, 2022-10-31 19:29:33, 2022-10-31 19:29:33
279, 80, 74, 852, 2022-10-31 19:29:33, 2022-10-31 19:29:33
280, 80, 75, 852, 2022-10-31 19:29:33, 2022-10-31 19:29:33
281, 80, 76, 912, 2022-10-31 19:29:33, 2022-10-31 19:29:33
282, 80, 77, 912, 2022-10-31 19:29:33, 2022-10-31 19:29:33
283, 80, 78, 912, 2022-10-31 19:29:33, 2022-10-31 19:29:33
284, 80, 79, 912, 2022-10-31 19:29:33, 2022-10-31 19:29:33
285, 80, 80, 912, 2022-10-31 19:29:33, 2022-10-31 19:29:33
286, 80, 81, 972, 2022-10-31 19:29:33, 2022-10-31 19:29:33
287, 80, 82, 972, 2022-10-31 19:29:33, 2022-10-31 19:29:33
288, 80, 83, 972, 2022-10-31 19:29:33, 2022-10-31 19:29:33
289, 80, 84, 972, 2022-10-31 19:29:33, 2022-10-31 19:29:33
290, 80, 85, 972, 2022-10-31 19:29:33, 2022-10-31 19:29:33
291, 80, 86, 1032, 2022-10-31 19:29:33, 2022-10-31 19:29:33
292, 80, 87, 1032, 2022-10-31 19:29:33, 2022-10-31 19:29:33
293, 80, 88, 1032, 2022-10-31 19:29:33, 2022-10-31 19:29:33
294, 80, 89, 1032, 2022-10-31 19:29:33, 2022-10-31 19:29:33
295, 80, 90, 1032, 2022-10-31 19:29:33, 2022-10-31 19:29:33
296, 80, 91, 1092, 2022-10-31 19:29:33, 2022-10-31 19:29:33
297, 80, 92, 1092, 2022-10-31 19:29:33, 2022-10-31 19:29:33
298, 80, 93, 1092, 2022-10-31 19:29:33, 2022-10-31 19:29:33
299, 80, 94, 1092, 2022-10-31 19:29:33, 2022-10-31 19:29:33
300, 80, 95, 1092, 2022-10-31 19:29:33, 2022-10-31 19:29:33
301, 80, 96, 1152, 2022-10-31 19:29:33, 2022-10-31 19:29:33
302, 80, 97, 1152, 2022-10-31 19:29:33, 2022-10-31 19:29:33
303, 80, 98, 1152, 2022-10-31 19:29:33, 2022-10-31 19:29:33
304, 80, 99, 1152, 2022-10-31 19:29:33, 2022-10-31 19:29:33
305, 80, 100, 1152, 2022-10-31 19:29:33, 2022-10-31 19:29:33
306, 80, 101, 1212, 2022-10-31 19:29:33, 2022-10-31 19:29:33
307, 80, 102, 1212, 2022-10-31 19:29:33, 2022-10-31 19:29:33
308, 80, 103, 1212, 2022-10-31 19:29:33, 2022-10-31 19:29:33
309, 80, 104, 1212, 2022-10-31 19:29:33, 2022-10-31 19:29:33
310, 80, 105, 1212, 2022-10-31 19:29:33, 2022-10-31 19:29:33
311, 80, 106, 1272, 2022-10-31 19:29:33, 2022-10-31 19:29:33
312, 80, 107, 1272, 2022-10-31 19:29:33, 2022-10-31 19:29:33
313, 80, 108, 1272, 2022-10-31 19:29:33, 2022-10-31 19:29:33
314, 80, 109, 1272, 2022-10-31 19:29:33, 2022-10-31 19:29:33
315, 80, 110, 1272, 2022-10-31 19:29:33, 2022-10-31 19:29:33
316, 80, 111, 1332, 2022-10-31 19:29:33, 2022-10-31 19:29:33
317, 80, 112, 1332, 2022-10-31 19:29:33, 2022-10-31 19:29:33
318, 80, 113, 1332, 2022-10-31 19:29:33, 2022-10-31 19:29:33
319, 80, 114, 1332, 2022-10-31 19:29:33, 2022-10-31 19:29:33
320, 80, 115, 1332, 2022-10-31 19:29:33, 2022-10-31 19:29:33
321, 80, 116, 1392, 2022-10-31 19:29:33, 2022-10-31 19:29:33
322, 80, 117, 1392, 2022-10-31 19:29:33, 2022-10-31 19:29:33
323, 80, 118, 1392, 2022-10-31 19:29:33, 2022-10-31 19:29:33
324, 80, 119, 1392, 2022-10-31 19:29:33, 2022-10-31 19:29:33
325, 80, 120, 1392, 2022-10-31 19:29:33, 2022-10-31 19:29:33
326, 80, 121, 1452, 2022-10-31 19:29:33, 2022-10-31 19:29:33
327, 80, 122, 1452, 2022-10-31 19:29:33, 2022-10-31 19:29:33
328, 80, 123, 1452, 2022-10-31 19:29:33, 2022-10-31 19:29:33
329, 80, 124, 1452, 2022-10-31 19:29:33, 2022-10-31 19:29:33
330, 80, 125, 1452, 2022-10-31 19:29:33, 2022-10-31 19:29:33
331, 80, 126, 1512, 2022-10-31 19:29:33, 2022-10-31 19:29:33
332, 80, 127, 1512, 2022-10-31 19:29:33, 2022-10-31 19:29:33
333, 80, 128, 1512, 2022-10-31 19:29:33, 2022-10-31 19:29:33
334, 80, 129, 1512, 2022-10-31 19:29:33, 2022-10-31 19:29:33
335, 80, 130, 1512, 2022-10-31 19:29:33, 2022-10-31 19:29:33
336, 80, 131, 1572, 2022-10-31 19:29:33, 2022-10-31 19:29:33
337, 80, 132, 1572, 2022-10-31 19:29:33, 2022-10-31 19:29:33
338, 80, 133, 1572, 2022-10-31 19:29:33, 2022-10-31 19:29:33
339, 80, 134, 1572, 2022-10-31 19:29:33, 2022-10-31 19:29:33
340, 80, 135, 1572, 2022-10-31 19:29:33, 2022-10-31 19:29:33
341, 80, 136, 1632, 2022-10-31 19:29:33, 2022-10-31 19:29:33
342, 80, 137, 1632, 2022-10-31 19:29:33, 2022-10-31 19:29:33
343, 80, 138, 1632, 2022-10-31 19:29:33, 2022-10-31 19:29:33
344, 80, 139, 1632, 2022-10-31 19:29:33, 2022-10-31 19:29:33
345, 80, 140, 1632, 2022-10-31 19:29:33, 2022-10-31 19:29:33
346, 80, 141, 1692, 2022-10-31 19:29:33, 2022-10-31 19:29:33
347, 80, 142, 1692, 2022-10-31 19:29:33, 2022-10-31 19:29:33
348, 80, 143, 1692, 2022-10-31 19:29:33, 2022-10-31 19:29:33
349, 80, 144, 1692, 2022-10-31 19:29:33, 2022-10-31 19:29:33
350, 80, 145, 1692, 2022-10-31 19:29:33, 2022-10-31 19:29:33
351, 80, 146, 1752, 2022-10-31 19:29:33, 2022-10-31 19:29:33
352, 80, 147, 1752, 2022-10-31 19:29:33, 2022-10-31 19:29:33
353, 80, 148, 1752, 2022-10-31 19:29:33, 2022-10-31 19:29:33
354, 80, 149, 1752, 2022-10-31 19:29:33, 2022-10-31 19:29:33
355, 80, 150, 1752, 2022-10-31 19:29:33, 2022-10-31 19:29:33
356, 80, 151, 1812, 2022-10-31 19:29:33, 2022-10-31 19:29:33
357, 80, 152, 1812, 2022-10-31 19:29:33, 2022-10-31 19:29:33
358, 80, 153, 1812, 2022-10-31 19:29:33, 2022-10-31 19:29:33
359, 80, 154, 1812, 2022-10-31 19:29:33, 2022-10-31 19:29:33
360, 80, 155, 1812, 2022-10-31 19:29:33, 2022-10-31 19:29:33
361, 80, 156, 1872, 2022-10-31 19:29:33, 2022-10-31 19:29:33
362, 80, 157, 1872, 2022-10-31 19:29:33, 2022-10-31 19:29:33
363, 80, 158, 1872, 2022-10-31 19:29:33, 2022-10-31 19:29:33
364, 80, 159, 1872, 2022-10-31 19:29:33, 2022-10-31 19:29:33
365, 80, 160, 1872, 2022-10-31 19:29:33, 2022-10-31 19:29:33
366, 80, 161, 1932, 2022-10-31 19:29:33, 2022-10-31 19:29:33
367, 80, 162, 1932, 2022-10-31 19:29:33, 2022-10-31 19:29:33
368, 80, 163, 1932, 2022-10-31 19:29:33, 2022-10-31 19:29:33
369, 80, 164, 1932, 2022-10-31 19:29:33, 2022-10-31 19:29:33
370, 80, 165, 1932, 2022-10-31 19:29:33, 2022-10-31 19:29:33
371, 80, 166, 1992, 2022-10-31 19:29:33, 2022-10-31 19:29:33
372, 80, 167, 1992, 2022-10-31 19:29:33, 2022-10-31 19:29:33
373, 80, 168, 1992, 2022-10-31 19:29:33, 2022-10-31 19:29:33
374, 80, 169, 1992, 2022-10-31 19:29:33, 2022-10-31 19:29:33
375, 80, 170, 1992, 2022-10-31 19:29:33, 2022-10-31 19:29:33
376, 80, 171, 2052, 2022-10-31 19:29:33, 2022-10-31 19:29:33
377, 80, 172, 2052, 2022-10-31 19:29:33, 2022-10-31 19:29:33
378, 80, 173, 2052, 2022-10-31 19:29:33, 2022-10-31 19:29:33
379, 80, 174, 2052, 2022-10-31 19:29:33, 2022-10-31 19:29:33
380, 80, 175, 2052, 2022-10-31 19:29:33, 2022-10-31 19:29:33
381, 80, 176, 2112, 2022-10-31 19:29:33, 2022-10-31 19:29:33
382, 80, 177, 2112, 2022-10-31 19:29:33, 2022-10-31 19:29:33
383, 80, 178, 2112, 2022-10-31 19:29:33, 2022-10-31 19:29:33
384, 80, 179, 2112, 2022-10-31 19:29:33, 2022-10-31 19:29:33
385, 80, 180, 2112, 2022-10-31 19:29:33, 2022-10-31 19:29:33
386, 80, 181, 2172, 2022-10-31 19:29:33, 2022-10-31 19:29:33
387, 80, 182, 2172, 2022-10-31 19:29:33, 2022-10-31 19:29:33
388, 80, 183, 2172, 2022-10-31 19:29:33, 2022-10-31 19:29:33
389, 80, 184, 2172, 2022-10-31 19:29:33, 2022-10-31 19:29:33
390, 80, 185, 2172, 2022-10-31 19:29:33, 2022-10-31 19:29:33
391, 80, 186, 2232, 2022-10-31 19:29:33, 2022-10-31 19:29:33
392, 80, 187, 2232, 2022-10-31 19:29:33, 2022-10-31 19:29:33
393, 80, 188, 2232, 2022-10-31 19:29:33, 2022-10-31 19:29:33
394, 80, 189, 2232, 2022-10-31 19:29:33, 2022-10-31 19:29:33
395, 80, 190, 2232, 2022-10-31 19:29:33, 2022-10-31 19:29:33
396, 80, 191, 2292, 2022-10-31 19:29:33, 2022-10-31 19:29:33
397, 80, 192, 2292, 2022-10-31 19:29:33, 2022-10-31 19:29:33
398, 80, 193, 2292, 2022-10-31 19:29:33, 2022-10-31 19:29:33
399, 80, 194, 2292, 2022-10-31 19:29:33, 2022-10-31 19:29:33
400, 80, 195, 2292, 2022-10-31 19:29:33, 2022-10-31 19:29:33
401, 80, 196, 2352, 2022-10-31 19:29:33, 2022-10-31 19:29:33
402, 80, 197, 2352, 2022-10-31 19:29:33, 2022-10-31 19:29:33
403, 80, 198, 2352, 2022-10-31 19:29:33, 2022-10-31 19:29:33
404, 80, 199, 2352, 2022-10-31 19:29:33, 2022-10-31 19:29:33
405, 80, 200, 2352, 2022-10-31 19:29:33, 2022-10-31 19:29:33
406, 80, 201, 2412, 2022-10-31 19:29:33, 2022-10-31 19:29:33
407, 80, 202, 2412, 2022-10-31 19:29:33, 2022-10-31 19:29:33
408, 80, 203, 2412, 2022-10-31 19:29:33, 2022-10-31 19:29:33
409, 80, 204, 2412, 2022-10-31 19:29:33, 2022-10-31 19:29:33
410, 80, 205, 2412, 2022-10-31 19:29:33, 2022-10-31 19:29:33
411, 100, 1, 31, 2022-10-31 19:29:33, 2022-10-31 19:29:33
412, 100, 2, 31, 2022-10-31 19:29:33, 2022-10-31 19:29:33
413, 100, 3, 31, 2022-10-31 19:29:33, 2022-10-31 19:29:33
414, 100, 4, 31, 2022-10-31 19:29:33, 2022-10-31 19:29:33
415, 100, 5, 31, 2022-10-31 19:29:33, 2022-10-31 19:29:33
416, 100, 6, 66, 2022-10-31 19:29:33, 2022-10-31 19:29:33
417, 100, 7, 66, 2022-10-31 19:29:33, 2022-10-31 19:29:33
418, 100, 8, 66, 2022-10-31 19:29:33, 2022-10-31 19:29:33
419, 100, 9, 66, 2022-10-31 19:29:33, 2022-10-31 19:29:33
420, 100, 10, 66, 2022-10-31 19:29:33, 2022-10-31 19:29:33
421, 100, 11, 121, 2022-10-31 19:29:33, 2022-10-31 19:29:33
422, 100, 12, 121, 2022-10-31 19:29:33, 2022-10-31 19:29:33
423, 100, 13, 121, 2022-10-31 19:29:33, 2022-10-31 19:29:33
424, 100, 14, 121, 2022-10-31 19:29:33, 2022-10-31 19:29:33
425, 100, 15, 121, 2022-10-31 19:29:33, 2022-10-31 19:29:33
426, 100, 16, 176, 2022-10-31 19:29:33, 2022-10-31 19:29:33
427, 100, 17, 176, 2022-10-31 19:29:33, 2022-10-31 19:29:33
428, 100, 18, 176, 2022-10-31 19:29:33, 2022-10-31 19:29:33
429, 100, 19, 176, 2022-10-31 19:29:33, 2022-10-31 19:29:33
430, 100, 20, 176, 2022-10-31 19:29:33, 2022-10-31 19:29:33
431, 100, 21, 231, 2022-10-31 19:29:33, 2022-10-31 19:29:33
432, 100, 22, 231, 2022-10-31 19:29:33, 2022-10-31 19:29:33
433, 100, 23, 231, 2022-10-31 19:29:33, 2022-10-31 19:29:33
434, 100, 24, 231, 2022-10-31 19:29:33, 2022-10-31 19:29:33
435, 100, 25, 231, 2022-10-31 19:29:33, 2022-10-31 19:29:33
436, 100, 26, 286, 2022-10-31 19:29:33, 2022-10-31 19:29:33
437, 100, 27, 286, 2022-10-31 19:29:33, 2022-10-31 19:29:33
438, 100, 28, 286, 2022-10-31 19:29:33, 2022-10-31 19:29:33
439, 100, 29, 286, 2022-10-31 19:29:33, 2022-10-31 19:29:33
440, 100, 30, 286, 2022-10-31 19:29:33, 2022-10-31 19:29:33
441, 100, 31, 341, 2022-10-31 19:29:33, 2022-10-31 19:29:33
442, 100, 32, 341, 2022-10-31 19:29:33, 2022-10-31 19:29:33
443, 100, 33, 341, 2022-10-31 19:29:33, 2022-10-31 19:29:33
444, 100, 34, 341, 2022-10-31 19:29:33, 2022-10-31 19:29:33
445, 100, 35, 341, 2022-10-31 19:29:33, 2022-10-31 19:29:33
446, 100, 36, 396, 2022-10-31 19:29:33, 2022-10-31 19:29:33
447, 100, 37, 396, 2022-10-31 19:29:33, 2022-10-31 19:29:33
448, 100, 38, 396, 2022-10-31 19:29:33, 2022-10-31 19:29:33
449, 100, 39, 396, 2022-10-31 19:29:33, 2022-10-31 19:29:33
450, 100, 40, 396, 2022-10-31 19:29:33, 2022-10-31 19:29:33
451, 100, 41, 451, 2022-10-31 19:29:33, 2022-10-31 19:29:33
452, 100, 42, 451, 2022-10-31 19:29:33, 2022-10-31 19:29:33
453, 100, 43, 451, 2022-10-31 19:29:33, 2022-10-31 19:29:33
454, 100, 44, 451, 2022-10-31 19:29:33, 2022-10-31 19:29:33
455, 100, 45, 451, 2022-10-31 19:29:33, 2022-10-31 19:29:33
456, 100, 46, 506, 2022-10-31 19:29:33, 2022-10-31 19:29:33
457, 100, 47, 506, 2022-10-31 19:29:33, 2022-10-31 19:29:33
458, 100, 48, 506, 2022-10-31 19:29:33, 2022-10-31 19:29:33
459, 100, 49, 506, 2022-10-31 19:29:33, 2022-10-31 19:29:33
460, 100, 50, 506, 2022-10-31 19:29:33, 2022-10-31 19:29:33
461, 100, 51, 561, 2022-10-31 19:29:33, 2022-10-31 19:29:33
462, 100, 52, 561, 2022-10-31 19:29:33, 2022-10-31 19:29:33
463, 100, 53, 561, 2022-10-31 19:29:33, 2022-10-31 19:29:33
464, 100, 54, 561, 2022-10-31 19:29:33, 2022-10-31 19:29:33
465, 100, 55, 561, 2022-10-31 19:29:33, 2022-10-31 19:29:33
466, 100, 56, 616, 2022-10-31 19:29:33, 2022-10-31 19:29:33
467, 100, 57, 616, 2022-10-31 19:29:33, 2022-10-31 19:29:33
468, 100, 58, 616, 2022-10-31 19:29:33, 2022-10-31 19:29:33
469, 100, 59, 616, 2022-10-31 19:29:33, 2022-10-31 19:29:33
470, 100, 60, 616, 2022-10-31 19:29:33, 2022-10-31 19:29:33
471, 100, 61, 671, 2022-10-31 19:29:33, 2022-10-31 19:29:33
472, 100, 62, 671, 2022-10-31 19:29:33, 2022-10-31 19:29:33
473, 100, 63, 671, 2022-10-31 19:29:33, 2022-10-31 19:29:33
474, 100, 64, 671, 2022-10-31 19:29:33, 2022-10-31 19:29:33
475, 100, 65, 671, 2022-10-31 19:29:33, 2022-10-31 19:29:33
476, 100, 66, 726, 2022-10-31 19:29:33, 2022-10-31 19:29:33
477, 100, 67, 726, 2022-10-31 19:29:33, 2022-10-31 19:29:33
478, 100, 68, 726, 2022-10-31 19:29:33, 2022-10-31 19:29:33
479, 100, 69, 726, 2022-10-31 19:29:33, 2022-10-31 19:29:33
480, 100, 70, 726, 2022-10-31 19:29:33, 2022-10-31 19:29:33
481, 100, 71, 781, 2022-10-31 19:29:33, 2022-10-31 19:29:33
482, 100, 72, 781, 2022-10-31 19:29:33, 2022-10-31 19:29:33
483, 100, 73, 781, 2022-10-31 19:29:33, 2022-10-31 19:29:33
484, 100, 74, 781, 2022-10-31 19:29:33, 2022-10-31 19:29:33
485, 100, 75, 781, 2022-10-31 19:29:33, 2022-10-31 19:29:33
486, 100, 76, 836, 2022-10-31 19:29:33, 2022-10-31 19:29:33
487, 100, 77, 836, 2022-10-31 19:29:33, 2022-10-31 19:29:33
488, 100, 78, 836, 2022-10-31 19:29:33, 2022-10-31 19:29:33
489, 100, 79, 836, 2022-10-31 19:29:33, 2022-10-31 19:29:33
490, 100, 80, 836, 2022-10-31 19:29:33, 2022-10-31 19:29:33
491, 100, 81, 891, 2022-10-31 19:29:33, 2022-10-31 19:29:33
492, 100, 82, 891, 2022-10-31 19:29:33, 2022-10-31 19:29:33
493, 100, 83, 891, 2022-10-31 19:29:33, 2022-10-31 19:29:33
494, 100, 84, 891, 2022-10-31 19:29:33, 2022-10-31 19:29:33
495, 100, 85, 891, 2022-10-31 19:29:33, 2022-10-31 19:29:33
496, 100, 86, 946, 2022-10-31 19:29:33, 2022-10-31 19:29:33
497, 100, 87, 946, 2022-10-31 19:29:33, 2022-10-31 19:29:33
498, 100, 88, 946, 2022-10-31 19:29:33, 2022-10-31 19:29:33
499, 100, 89, 946, 2022-10-31 19:29:33, 2022-10-31 19:29:33
500, 100, 90, 946, 2022-10-31 19:29:33, 2022-10-31 19:29:33
501, 100, 91, 1001, 2022-10-31 19:29:33, 2022-10-31 19:29:33
502, 100, 92, 1001, 2022-10-31 19:29:33, 2022-10-31 19:29:33
503, 100, 93, 1001, 2022-10-31 19:29:33, 2022-10-31 19:29:33
504, 100, 94, 1001, 2022-10-31 19:29:33, 2022-10-31 19:29:33
505, 100, 95, 1001, 2022-10-31 19:29:33, 2022-10-31 19:29:33
506, 100, 96, 1056, 2022-10-31 19:29:33, 2022-10-31 19:29:33
507, 100, 97, 1056, 2022-10-31 19:29:33, 2022-10-31 19:29:33
508, 100, 98, 1056, 2022-10-31 19:29:33, 2022-10-31 19:29:33
509, 100, 99, 1056, 2022-10-31 19:29:33, 2022-10-31 19:29:33
510, 100, 100, 1056, 2022-10-31 19:29:33, 2022-10-31 19:29:33
511, 100, 101, 1111, 2022-10-31 19:29:33, 2022-10-31 19:29:33
512, 100, 102, 1111, 2022-10-31 19:29:33, 2022-10-31 19:29:33
513, 100, 103, 1111, 2022-10-31 19:29:33, 2022-10-31 19:29:33
514, 100, 104, 1111, 2022-10-31 19:29:33, 2022-10-31 19:29:33
515, 100, 105, 1111, 2022-10-31 19:29:33, 2022-10-31 19:29:33
516, 100, 106, 1166, 2022-10-31 19:29:33, 2022-10-31 19:29:33
517, 100, 107, 1166, 2022-10-31 19:29:33, 2022-10-31 19:29:33
518, 100, 108, 1166, 2022-10-31 19:29:33, 2022-10-31 19:29:33
519, 100, 109, 1166, 2022-10-31 19:29:33, 2022-10-31 19:29:33
520, 100, 110, 1166, 2022-10-31 19:29:33, 2022-10-31 19:29:33
521, 100, 111, 1221, 2022-10-31 19:29:33, 2022-10-31 19:29:33
522, 100, 112, 1221, 2022-10-31 19:29:33, 2022-10-31 19:29:33
523, 100, 113, 1221, 2022-10-31 19:29:33, 2022-10-31 19:29:33
524, 100, 114, 1221, 2022-10-31 19:29:33, 2022-10-31 19:29:33
525, 100, 115, 1221, 2022-10-31 19:29:33, 2022-10-31 19:29:33
526, 100, 116, 1276, 2022-10-31 19:29:33, 2022-10-31 19:29:33
527, 100, 117, 1276, 2022-10-31 19:29:33, 2022-10-31 19:29:33
528, 100, 118, 1276, 2022-10-31 19:29:33, 2022-10-31 19:29:33
529, 100, 119, 1276, 2022-10-31 19:29:33, 2022-10-31 19:29:33
530, 100, 120, 1276, 2022-10-31 19:29:33, 2022-10-31 19:29:33
531, 100, 121, 1331, 2022-10-31 19:29:33, 2022-10-31 19:29:33
532, 100, 122, 1331, 2022-10-31 19:29:33, 2022-10-31 19:29:33
533, 100, 123, 1331, 2022-10-31 19:29:33, 2022-10-31 19:29:33
534, 100, 124, 1331, 2022-10-31 19:29:33, 2022-10-31 19:29:33
535, 100, 125, 1331, 2022-10-31 19:29:33, 2022-10-31 19:29:33
536, 100, 126, 1386, 2022-10-31 19:29:33, 2022-10-31 19:29:33
537, 100, 127, 1386, 2022-10-31 19:29:33, 2022-10-31 19:29:33
538, 100, 128, 1386, 2022-10-31 19:29:33, 2022-10-31 19:29:33
539, 100, 129, 1386, 2022-10-31 19:29:33, 2022-10-31 19:29:33
540, 100, 130, 1386, 2022-10-31 19:29:33, 2022-10-31 19:29:33
541, 100, 131, 1441, 2022-10-31 19:29:33, 2022-10-31 19:29:33
542, 100, 132, 1441, 2022-10-31 19:29:33, 2022-10-31 19:29:33
543, 100, 133, 1441, 2022-10-31 19:29:33, 2022-10-31 19:29:33
544, 100, 134, 1441, 2022-10-31 19:29:33, 2022-10-31 19:29:33
545, 100, 135, 1441, 2022-10-31 19:29:33, 2022-10-31 19:29:33
546, 100, 136, 1496, 2022-10-31 19:29:33, 2022-10-31 19:29:33
547, 100, 137, 1496, 2022-10-31 19:29:33, 2022-10-31 19:29:33
548, 100, 138, 1496, 2022-10-31 19:29:33, 2022-10-31 19:29:33
549, 100, 139, 1496, 2022-10-31 19:29:33, 2022-10-31 19:29:33
550, 100, 140, 1496, 2022-10-31 19:29:33, 2022-10-31 19:29:33
551, 100, 141, 1551, 2022-10-31 19:29:33, 2022-10-31 19:29:33
552, 100, 142, 1551, 2022-10-31 19:29:33, 2022-10-31 19:29:33
553, 100, 143, 1551, 2022-10-31 19:29:33, 2022-10-31 19:29:33
554, 100, 144, 1551, 2022-10-31 19:29:33, 2022-10-31 19:29:33
555, 100, 145, 1551, 2022-10-31 19:29:33, 2022-10-31 19:29:33
556, 100, 146, 1606, 2022-10-31 19:29:33, 2022-10-31 19:29:33
557, 100, 147, 1606, 2022-10-31 19:29:33, 2022-10-31 19:29:33
558, 100, 148, 1606, 2022-10-31 19:29:33, 2022-10-31 19:29:33
559, 100, 149, 1606, 2022-10-31 19:29:33, 2022-10-31 19:29:33
560, 100, 150, 1606, 2022-10-31 19:29:33, 2022-10-31 19:29:33
561, 100, 151, 1661, 2022-10-31 19:29:33, 2022-10-31 19:29:33
562, 100, 152, 1661, 2022-10-31 19:29:33, 2022-10-31 19:29:33
563, 100, 153, 1661, 2022-10-31 19:29:33, 2022-10-31 19:29:33
564, 100, 154, 1661, 2022-10-31 19:29:33, 2022-10-31 19:29:33
565, 100, 155, 1661, 2022-10-31 19:29:33, 2022-10-31 19:29:33
566, 100, 156, 1716, 2022-10-31 19:29:33, 2022-10-31 19:29:33
567, 100, 157, 1716, 2022-10-31 19:29:33, 2022-10-31 19:29:33
568, 100, 158, 1716, 2022-10-31 19:29:33, 2022-10-31 19:29:33
569, 100, 159, 1716, 2022-10-31 19:29:33, 2022-10-31 19:29:33
570, 100, 160, 1716, 2022-10-31 19:29:33, 2022-10-31 19:29:33
571, 100, 161, 1771, 2022-10-31 19:29:33, 2022-10-31 19:29:33
572, 100, 162, 1771, 2022-10-31 19:29:33, 2022-10-31 19:29:33
573, 100, 163, 1771, 2022-10-31 19:29:33, 2022-10-31 19:29:33
574, 100, 164, 1771, 2022-10-31 19:29:33, 2022-10-31 19:29:33
575, 100, 165, 1771, 2022-10-31 19:29:33, 2022-10-31 19:29:33
576, 100, 166, 1826, 2022-10-31 19:29:33, 2022-10-31 19:29:33
577, 100, 167, 1826, 2022-10-31 19:29:33, 2022-10-31 19:29:33
578, 100, 168, 1826, 2022-10-31 19:29:33, 2022-10-31 19:29:33
579, 100, 169, 1826, 2022-10-31 19:29:33, 2022-10-31 19:29:33
580, 100, 170, 1826, 2022-10-31 19:29:33, 2022-10-31 19:29:33
581, 100, 171, 1881, 2022-10-31 19:29:33, 2022-10-31 19:29:33
582, 100, 172, 1881, 2022-10-31 19:29:33, 2022-10-31 19:29:33
583, 100, 173, 1881, 2022-10-31 19:29:33, 2022-10-31 19:29:33
584, 100, 174, 1881, 2022-10-31 19:29:33, 2022-10-31 19:29:33
585, 100, 175, 1881, 2022-10-31 19:29:33, 2022-10-31 19:29:33
586, 100, 176, 1936, 2022-10-31 19:29:33, 2022-10-31 19:29:33
587, 100, 177, 1936, 2022-10-31 19:29:33, 2022-10-31 19:29:33
588, 100, 178, 1936, 2022-10-31 19:29:33, 2022-10-31 19:29:33
589, 100, 179, 1936, 2022-10-31 19:29:33, 2022-10-31 19:29:33
590, 100, 180, 1936, 2022-10-31 19:29:33, 2022-10-31 19:29:33
591, 100, 181, 1991, 2022-10-31 19:29:33, 2022-10-31 19:29:33
592, 100, 182, 1991, 2022-10-31 19:29:33, 2022-10-31 19:29:33
593, 100, 183, 1991, 2022-10-31 19:29:33, 2022-10-31 19:29:33
594, 100, 184, 1991, 2022-10-31 19:29:33, 2022-10-31 19:29:33
595, 100, 185, 1991, 2022-10-31 19:29:33, 2022-10-31 19:29:33
596, 100, 186, 2046, 2022-10-31 19:29:33, 2022-10-31 19:29:33
597, 100, 187, 2046, 2022-10-31 19:29:33, 2022-10-31 19:29:33
598, 100, 188, 2046, 2022-10-31 19:29:33, 2022-10-31 19:29:33
599, 100, 189, 2046, 2022-10-31 19:29:33, 2022-10-31 19:29:33
600, 100, 190, 2046, 2022-10-31 19:29:33, 2022-10-31 19:29:33
601, 100, 191, 2101, 2022-10-31 19:29:33, 2022-10-31 19:29:33
602, 100, 192, 2101, 2022-10-31 19:29:33, 2022-10-31 19:29:33
603, 100, 193, 2101, 2022-10-31 19:29:33, 2022-10-31 19:29:33
604, 100, 194, 2101, 2022-10-31 19:29:33, 2022-10-31 19:29:33
605, 100, 195, 2101, 2022-10-31 19:29:33, 2022-10-31 19:29:33
606, 100, 196, 2156, 2022-10-31 19:29:33, 2022-10-31 19:29:33
607, 100, 197, 2156, 2022-10-31 19:29:33, 2022-10-31 19:29:33
608, 100, 198, 2156, 2022-10-31 19:29:33, 2022-10-31 19:29:33
609, 100, 199, 2156, 2022-10-31 19:29:33, 2022-10-31 19:29:33
610, 100, 200, 2156, 2022-10-31 19:29:33, 2022-10-31 19:29:33
611, 100, 201, 2211, 2022-10-31 19:29:33, 2022-10-31 19:29:33
612, 100, 202, 2211, 2022-10-31 19:29:33, 2022-10-31 19:29:33
613, 100, 203, 2211, 2022-10-31 19:29:33, 2022-10-31 19:29:33
614, 100, 204, 2211, 2022-10-31 19:29:33, 2022-10-31 19:29:33
615, 100, 205, 2211, 2022-10-31 19:29:33, 2022-10-31 19:29:33
