id, camera_id, license, speed, expdate, created_at, updated_at
1, 19, 2-AZY-87, 114, 2022-08-11 12:41:10, 2022-11-01 12:41:10, 2022-11-01 12:41:10
2, 18, 1-WKV-23, 90, 2022-08-05 12:41:10, 2022-11-01 12:41:10, 2022-11-01 12:41:10
3, 12, 2-AZY-87, 93, 2022-07-01 12:41:10, 2022-11-01 12:41:10, 2022-11-01 12:41:10
4, 18, H-159-DK, 90, 2022-07-07 12:41:10, 2022-11-01 12:41:10, 2022-11-01 12:41:10
5, 13, 78-ELH-5, 118, 2022-04-09 12:41:10, 2022-11-01 12:41:10, 2022-11-01 12:41:10
6, 14, R-934-AX, 56, 2022-06-19 12:41:10, 2022-11-01 12:41:10, 2022-11-01 12:41:10
7, 16, 78-ELH-5, 57, 2022-06-03 12:41:10, 2022-11-01 12:41:10, 2022-11-01 12:41:10
8, 19, 22-ULR-1, 115, 2022-10-12 12:41:10, 2022-11-01 12:41:10, 2022-11-01 12:41:10
9, 14, RZ-715-M, 56, 2021-12-16 12:41:10, 2022-11-01 12:41:10, 2022-11-01 12:41:10
10, 9, 2-TH-790, 56, 2022-01-26 12:41:10, 2022-11-01 12:41:10, 2022-11-01 12:41:10
11, 19, 1-CVY-94, 119, 2021-11-22 12:41:10, 2022-11-01 12:41:10, 2022-11-01 12:41:10
12, 11, RZ-715-M, 115, 2022-05-28 12:41:10, 2022-11-01 12:41:10, 2022-11-01 12:41:10
13, 17, 0-DHK-54, 60, 2022-02-25 12:41:10, 2022-11-01 12:41:10, 2022-11-01 12:41:10
14, 20, 52-FNC-7, 56, 2022-04-12 12:41:10, 2022-11-01 12:41:10, 2022-11-01 12:41:10
15, 18, XC-87-87, 92, 2021-11-20 12:41:10, 2022-11-01 12:41:10, 2022-11-01 12:41:10
16, 11, RZ-715-M, 120, 2022-02-01 12:41:10, 2022-11-01 12:41:10, 2022-11-01 12:41:10
17, 13, 0-DHK-54, 110, 2022-09-21 12:41:10, 2022-11-01 12:41:10, 2022-11-01 12:41:10
18, 11, SJ-952-J, 113, 2022-05-07 12:41:10, 2022-11-01 12:41:10, 2022-11-01 12:41:10
19, 7, 0-DHK-54, 60, 2022-10-14 12:41:10, 2022-11-01 12:41:10, 2022-11-01 12:41:10
20, 19, 8-SE-952, 120, 2021-11-05 12:41:10, 2022-11-01 12:41:10, 2022-11-01 12:41:10
21, 4, BC-775-X, 116, 2022-07-01 12:41:10, 2022-11-01 12:41:10, 2022-11-01 12:41:10
22, 20, KV-82-82, 57, 2022-07-16 12:41:10, 2022-11-01 12:41:10, 2022-11-01 12:41:10
23, 14, S-378-CR, 58, 2022-10-18 12:41:10, 2022-11-01 12:41:10, 2022-11-01 12:41:10
24, 6, 0-MPW-81, 115, 2022-07-23 12:41:10, 2022-11-01 12:41:10, 2022-11-01 12:41:10
25, 9, UE-035-P, 56, 2022-04-03 12:41:10, 2022-11-01 12:41:10, 2022-11-01 12:41:10
26, 13, S-378-CR, 117, 2022-09-14 12:41:10, 2022-11-01 12:41:10, 2022-11-01 12:41:10
27, 6, WU-843-N, 119, 2022-06-23 12:41:10, 2022-11-01 12:41:10, 2022-11-01 12:41:10
28, 16, 9-JGZ-78, 59, 2022-01-20 12:41:10, 2022-11-01 12:41:10, 2022-11-01 12:41:10
29, 15, S-378-CR, 110, 2021-12-10 12:41:10, 2022-11-01 12:41:10, 2022-11-01 12:41:10
30, 5, UE-035-P, 113, 2022-01-03 12:41:10, 2022-11-01 12:41:10, 2022-11-01 12:41:10
31, 5, 2-TH-790, 119, 2022-02-25 12:41:10, 2022-11-01 12:41:10, 2022-11-01 12:41:10
32, 19, 9-HNM-33, 113, 2022-06-29 12:41:10, 2022-11-01 12:41:10, 2022-11-01 12:41:10
33, 1, WP-03-03, 112, 2022-06-19 12:41:10, 2022-11-01 12:41:10, 2022-11-01 12:41:10
34, 15, 1-CVY-94, 116, 2022-05-25 12:41:10, 2022-11-01 12:41:10, 2022-11-01 12:41:10
35, 11, N-023-ME, 116, 2022-04-05 12:41:10, 2022-11-01 12:41:10, 2022-11-01 12:41:10
36, 9, 9-JGZ-78, 56, 2022-05-15 12:41:10, 2022-11-01 12:41:10, 2022-11-01 12:41:10
37, 20, 1-WKV-23, 57, 2022-01-03 12:41:10, 2022-11-01 12:41:10, 2022-11-01 12:41:10
38, 9, 4-ZB-223, 57, 2022-10-19 12:41:10, 2022-11-01 12:41:10, 2022-11-01 12:41:10
39, 20, SJ-952-J, 56, 2022-03-22 12:41:10, 2022-11-01 12:41:10, 2022-11-01 12:41:10
40, 18, RZ-715-M, 90, 2022-01-25 12:41:10, 2022-11-01 12:41:10, 2022-11-01 12:41:10
41, 8, 78-ELH-5, 120, 2021-12-23 12:41:10, 2022-11-01 12:41:10, 2022-11-01 12:41:10
42, 4, 1-WKV-23, 119, 2022-02-10 12:41:10, 2022-11-01 12:41:10, 2022-11-01 12:41:10
43, 16, N-516-SP, 57, 2022-08-15 12:41:10, 2022-11-01 12:41:10, 2022-11-01 12:41:10
44, 6, 8-YMZ-50, 115, 2022-05-24 12:41:10, 2022-11-01 12:41:10, 2022-11-01 12:41:10
45, 19, H-159-DK, 117, 2022-05-29 12:41:10, 2022-11-01 12:41:10, 2022-11-01 12:41:10
46, 3, RZ-715-M, 93, 2022-07-14 12:41:10, 2022-11-01 12:41:10, 2022-11-01 12:41:10
47, 11, YH-667-D, 118, 2021-12-05 12:41:10, 2022-11-01 12:41:10, 2022-11-01 12:41:10
48, 14, GP-380-H, 59, 2022-07-31 12:41:10, 2022-11-01 12:41:10, 2022-11-01 12:41:10
49, 13, R-934-AX, 116, 2021-11-26 12:41:10, 2022-11-01 12:41:10, 2022-11-01 12:41:10
50, 5, 22-ULR-1, 114, 2022-01-09 12:41:10, 2022-11-01 12:41:10, 2022-11-01 12:41:10
51, 13, 8-SE-952, 117, 2021-12-07 12:41:10, 2022-11-01 12:41:10, 2022-11-01 12:41:10
52, 4, RP-72-72, 111, 2022-03-20 12:41:10, 2022-11-01 12:41:10, 2022-11-01 12:41:10
53, 18, 1-CVY-94, 91, 2022-09-18 12:41:10, 2022-11-01 12:41:10, 2022-11-01 12:41:10
54, 2, 2-AZY-87, 58, 2022-07-09 12:41:10, 2022-11-01 12:41:10, 2022-11-01 12:41:10
55, 19, GR-GR-23, 110, 2022-09-15 12:41:10, 2022-11-01 12:41:10, 2022-11-01 12:41:10
56, 13, 8-GLN-19, 113, 2022-07-11 12:41:10, 2022-11-01 12:41:10, 2022-11-01 12:41:10
57, 9, 2-VYW-91, 60, 2022-10-12 12:41:10, 2022-11-01 12:41:10, 2022-11-01 12:41:10
58, 3, LP-330-Z, 92, 2022-09-23 12:41:10, 2022-11-01 12:41:10, 2022-11-01 12:41:10
59, 10, 4-ZB-223, 60, 2022-05-23 12:41:10, 2022-11-01 12:41:10, 2022-11-01 12:41:10
60, 9, R-934-AX, 55, 2022-05-08 12:41:10, 2022-11-01 12:41:10, 2022-11-01 12:41:10
61, 11, T-148-BN, 119, 2022-10-22 12:41:10, 2022-11-01 12:41:10, 2022-11-01 12:41:10
62, 8, 8-SE-952, 115, 2022-02-24 12:41:10, 2022-11-01 12:41:10, 2022-11-01 12:41:10
63, 10, 1-CVY-94, 56, 2022-04-03 12:41:10, 2022-11-01 12:41:10, 2022-11-01 12:41:10
64, 6, N-023-ME, 110, 2022-01-05 12:41:10, 2022-11-01 12:41:10, 2022-11-01 12:41:10
65, 17, RZ-715-M, 60, 2022-07-10 12:41:10, 2022-11-01 12:41:10, 2022-11-01 12:41:10
66, 13, UE-035-P, 117, 2021-12-28 12:41:10, 2022-11-01 12:41:10, 2022-11-01 12:41:10
67, 17, T-148-BN, 56, 2022-05-28 12:41:10, 2022-11-01 12:41:10, 2022-11-01 12:41:10
68, 19, ZY-96-96, 116, 2022-08-11 12:41:10, 2022-11-01 12:41:10, 2022-11-01 12:41:10
69, 20, S-878-RS, 57, 2022-09-24 12:41:10, 2022-11-01 12:41:10, 2022-11-01 12:41:10
70, 7, WU-843-N, 59, 2022-10-07 12:41:10, 2022-11-01 12:41:10, 2022-11-01 12:41:10
71, 1, S-878-RS, 115, 2022-03-11 12:41:10, 2022-11-01 12:41:10, 2022-11-01 12:41:10
72, 8, GR-GR-23, 115, 2022-08-17 12:41:10, 2022-11-01 12:41:10, 2022-11-01 12:41:10
73, 9, KV-82-82, 60, 2022-10-16 12:41:10, 2022-11-01 12:41:10, 2022-11-01 12:41:10
74, 17, 3-ZUH-20, 58, 2022-01-01 12:41:10, 2022-11-01 12:41:10, 2022-11-01 12:41:10
75, 8, YH-667-D, 113, 2021-11-08 12:41:10, 2022-11-01 12:41:10, 2022-11-01 12:41:10
76, 12, 2-TH-790, 96, 2022-01-11 12:41:10, 2022-11-01 12:41:10, 2022-11-01 12:41:10
77, 17, 9-JGZ-78, 55, 2021-11-11 12:41:10, 2022-11-01 12:41:10, 2022-11-01 12:41:10
78, 10, RP-72-72, 57, 2022-08-31 12:41:10, 2022-11-01 12:41:10, 2022-11-01 12:41:10
79, 10, NR-08-08, 56, 2022-03-05 12:41:10, 2022-11-01 12:41:10, 2022-11-01 12:41:10
80, 6, N-516-SP, 114, 2022-02-06 12:41:10, 2022-11-01 12:41:10, 2022-11-01 12:41:10
81, 6, 4-ZB-223, 110, 2022-02-23 12:41:10, 2022-11-01 12:41:10, 2022-11-01 12:41:10
82, 17, 0-DHK-54, 58, 2022-10-10 12:41:10, 2022-11-01 12:41:10, 2022-11-01 12:41:10
83, 18, GR-GR-23, 93, 2022-04-01 12:41:10, 2022-11-01 12:41:10, 2022-11-01 12:41:10
84, 9, 52-FNC-7, 56, 2021-12-04 12:41:10, 2022-11-01 12:41:10, 2022-11-01 12:41:10
85, 14, 91-RET-0, 55, 2022-09-05 12:41:10, 2022-11-01 12:41:10, 2022-11-01 12:41:10
86, 11, 9-HNM-33, 115, 2021-11-09 12:41:10, 2022-11-01 12:41:10, 2022-11-01 12:41:10
87, 14, 8-YMZ-50, 57, 2021-12-08 12:41:10, 2022-11-01 12:41:10, 2022-11-01 12:41:10
88, 3, 8-GLN-19, 95, 2022-10-15 12:41:10, 2022-11-01 12:41:10, 2022-11-01 12:41:10
89, 6, 7-APW-58, 110, 2022-10-09 12:41:10, 2022-11-01 12:41:10, 2022-11-01 12:41:10
90, 10, G-869-BN, 57, 2022-07-22 12:41:10, 2022-11-01 12:41:10, 2022-11-01 12:41:10
91, 13, 0-MPW-81, 117, 2022-05-16 12:41:10, 2022-11-01 12:41:10, 2022-11-01 12:41:10
92, 5, UE-035-P, 116, 2022-08-03 12:41:10, 2022-11-01 12:41:10, 2022-11-01 12:41:10
93, 11, XC-87-87, 111, 2022-01-29 12:41:10, 2022-11-01 12:41:10, 2022-11-01 12:41:10
94, 10, 3-ZDR-56, 60, 2022-09-01 12:41:10, 2022-11-01 12:41:10, 2022-11-01 12:41:10
95, 18, 1-CVY-94, 94, 2022-04-02 12:41:10, 2022-11-01 12:41:10, 2022-11-01 12:41:10
96, 15, KV-82-82, 115, 2022-09-21 12:41:10, 2022-11-01 12:41:10, 2022-11-01 12:41:10
97, 2, SJ-952-J, 59, 2022-08-27 12:41:10, 2022-11-01 12:41:10, 2022-11-01 12:41:10
98, 13, 1-CK-618, 116, 2021-11-22 12:41:10, 2022-11-01 12:41:10, 2022-11-01 12:41:10
99, 1, N-516-SP, 113, 2022-08-17 12:41:10, 2022-11-01 12:41:10, 2022-11-01 12:41:10
100, 11, N-516-SP, 115, 2021-11-06 12:41:10, 2022-11-01 12:41:10, 2022-11-01 12:41:10
101, 13, 3-ZDR-56, 115, 2022-03-08 12:41:10, 2022-11-01 12:41:10, 2022-11-01 12:41:10
102, 19, 4-ZB-223, 116, 2022-08-29 12:41:10, 2022-11-01 12:41:10, 2022-11-01 12:41:10
103, 13, 8-GLN-19, 110, 2022-02-19 12:41:10, 2022-11-01 12:41:10, 2022-11-01 12:41:10
104, 8, 7-APW-58, 116, 2022-08-02 12:41:10, 2022-11-01 12:41:10, 2022-11-01 12:41:10
105, 16, 9-HNM-33, 60, 2022-09-05 12:41:10, 2022-11-01 12:41:10, 2022-11-01 12:41:10
106, 1, NR-08-08, 118, 2022-01-16 12:41:10, 2022-11-01 12:41:10, 2022-11-01 12:41:10
107, 13, WP-03-03, 116, 2022-05-21 12:41:10, 2022-11-01 12:41:10, 2022-11-01 12:41:10
108, 7, 8-YMZ-50, 58, 2022-09-21 12:41:10, 2022-11-01 12:41:10, 2022-11-01 12:41:10
109, 2, WP-03-03, 59, 2022-09-12 12:41:10, 2022-11-01 12:41:10, 2022-11-01 12:41:10
110, 9, S-878-RS, 57, 2022-02-28 12:41:10, 2022-11-01 12:41:10, 2022-11-01 12:41:10
111, 6, GP-380-H, 111, 2022-03-18 12:41:10, 2022-11-01 12:41:10, 2022-11-01 12:41:10
112, 12, S-878-RS, 92, 2022-04-14 12:41:10, 2022-11-01 12:41:10, 2022-11-01 12:41:10
113, 12, 68-NNN-8, 95, 2021-11-16 12:41:10, 2022-11-01 12:41:10, 2022-11-01 12:41:10
114, 16, 9-HNM-33, 57, 2022-10-11 12:41:10, 2022-11-01 12:41:10, 2022-11-01 12:41:10
115, 3, 1-WKV-23, 94, 2022-10-11 12:41:10, 2022-11-01 12:41:10, 2022-11-01 12:41:10
116, 9, S-878-RS, 60, 2022-07-16 12:41:10, 2022-11-01 12:41:10, 2022-11-01 12:41:10
117, 17, 91-RET-0, 60, 2022-04-08 12:41:10, 2022-11-01 12:41:10, 2022-11-01 12:41:10
118, 19, 52-FNC-7, 116, 2021-11-17 12:41:10, 2022-11-01 12:41:10, 2022-11-01 12:41:10
119, 20, 4-ZB-223, 56, 2022-07-14 12:41:10, 2022-11-01 12:41:10, 2022-11-01 12:41:10
120, 2, WU-843-N, 58, 2022-08-10 12:41:10, 2022-11-01 12:41:10, 2022-11-01 12:41:10
121, 11, ZY-96-96, 114, 2022-06-11 12:41:10, 2022-11-01 12:41:10, 2022-11-01 12:41:10
122, 20, RZ-715-M, 55, 2022-07-26 12:41:11, 2022-11-01 12:41:11, 2022-11-01 12:41:11
123, 12, GP-380-H, 90, 2022-08-27 12:41:11, 2022-11-01 12:41:11, 2022-11-01 12:41:11
124, 1, 2-AZY-87, 113, 2021-11-07 12:41:11, 2022-11-01 12:41:11, 2022-11-01 12:41:11
125, 13, LP-330-Z, 117, 2022-06-01 12:41:11, 2022-11-01 12:41:11, 2022-11-01 12:41:11
126, 1, 3-NP-200, 112, 2022-03-17 12:41:11, 2022-11-01 12:41:11, 2022-11-01 12:41:11
127, 12, 9-JGZ-78, 90, 2022-05-11 12:41:11, 2022-11-01 12:41:11, 2022-11-01 12:41:11
128, 18, 4-ZB-223, 89, 2022-06-17 12:41:11, 2022-11-01 12:41:11, 2022-11-01 12:41:11
129, 12, XC-87-87, 90, 2022-07-04 12:41:11, 2022-11-01 12:41:11, 2022-11-01 12:41:11
130, 12, 1-WKV-23, 93, 2022-03-30 12:41:11, 2022-11-01 12:41:11, 2022-11-01 12:41:11
131, 17, 8-YMZ-50, 60, 2022-09-28 12:41:11, 2022-11-01 12:41:11, 2022-11-01 12:41:11
132, 3, XC-87-87, 89, 2022-01-22 12:41:11, 2022-11-01 12:41:11, 2022-11-01 12:41:11
133, 19, 2-TH-790, 118, 2022-07-02 12:41:11, 2022-11-01 12:41:11, 2022-11-01 12:41:11
134, 14, 2-TH-790, 56, 2022-01-11 12:41:11, 2022-11-01 12:41:11, 2022-11-01 12:41:11
135, 3, UE-035-P, 92, 2022-02-13 12:41:11, 2022-11-01 12:41:11, 2022-11-01 12:41:11
136, 9, H-159-DK, 56, 2022-09-01 12:41:11, 2022-11-01 12:41:11, 2022-11-01 12:41:11
137, 11, 4-ZB-223, 111, 2022-01-13 12:41:11, 2022-11-01 12:41:11, 2022-11-01 12:41:11
138, 1, XC-87-87, 114, 2022-10-17 12:41:11, 2022-11-01 12:41:11, 2022-11-01 12:41:11
139, 13, GR-GR-23, 110, 2022-05-01 12:41:11, 2022-11-01 12:41:11, 2022-11-01 12:41:11
140, 12, GR-GR-23, 94, 2022-09-27 12:41:11, 2022-11-01 12:41:11, 2022-11-01 12:41:11
141, 2, NR-08-08, 57, 2021-11-12 12:41:11, 2022-11-01 12:41:11, 2022-11-01 12:41:11
142, 9, GA-GA-22, 59, 2022-08-16 12:41:11, 2022-11-01 12:41:11, 2022-11-01 12:41:11
143, 5, 22-ULR-1, 120, 2022-09-21 12:41:11, 2022-11-01 12:41:11, 2022-11-01 12:41:11
144, 8, UE-035-P, 115, 2022-08-21 12:41:11, 2022-11-01 12:41:11, 2022-11-01 12:41:11
145, 1, GA-GA-22, 112, 2022-01-17 12:41:11, 2022-11-01 12:41:11, 2022-11-01 12:41:11
146, 14, GP-380-H, 55, 2022-10-11 12:41:11, 2022-11-01 12:41:11, 2022-11-01 12:41:11
147, 17, 3-ZUH-20, 60, 2022-09-16 12:41:11, 2022-11-01 12:41:11, 2022-11-01 12:41:11
148, 15, 3-NUR-37, 118, 2022-02-22 12:41:11, 2022-11-01 12:41:11, 2022-11-01 12:41:11
149, 3, RP-72-72, 96, 2022-01-13 12:41:11, 2022-11-01 12:41:11, 2022-11-01 12:41:11
150, 2, 4-ZB-223, 55, 2022-07-03 12:41:11, 2022-11-01 12:41:11, 2022-11-01 12:41:11
151, 6, 1-CK-618, 111, 2022-10-12 12:41:11, 2022-11-01 12:41:11, 2022-11-01 12:41:11
152, 12, KV-82-82, 92, 2022-09-26 12:41:11, 2022-11-01 12:41:11, 2022-11-01 12:41:11
153, 1, RZ-715-M, 114, 2022-05-30 12:41:11, 2022-11-01 12:41:11, 2022-11-01 12:41:11
154, 8, 2-VYW-91, 114, 2021-11-02 12:41:11, 2022-11-01 12:41:11, 2022-11-01 12:41:11
155, 7, 7-APW-58, 55, 2021-11-28 12:41:11, 2022-11-01 12:41:11, 2022-11-01 12:41:11
156, 1, RP-72-72, 118, 2021-12-07 12:41:11, 2022-11-01 12:41:11, 2022-11-01 12:41:11
157, 17, 78-ELH-5, 57, 2022-08-16 12:41:11, 2022-11-01 12:41:11, 2022-11-01 12:41:11
158, 12, RP-72-72, 94, 2022-03-04 12:41:11, 2022-11-01 12:41:11, 2022-11-01 12:41:11
159, 12, NR-08-08, 95, 2022-04-23 12:41:11, 2022-11-01 12:41:11, 2022-11-01 12:41:11
160, 9, S-878-RS, 57, 2022-06-18 12:41:11, 2022-11-01 12:41:11, 2022-11-01 12:41:11
161, 18, RP-72-72, 89, 2022-01-11 12:41:11, 2022-11-01 12:41:11, 2022-11-01 12:41:11
162, 12, 78-ELH-5, 89, 2022-04-01 12:41:11, 2022-11-01 12:41:11, 2022-11-01 12:41:11
163, 12, RZ-715-M, 95, 2022-05-23 12:41:11, 2022-11-01 12:41:11, 2022-11-01 12:41:11
164, 16, SJ-952-J, 57, 2022-02-03 12:41:11, 2022-11-01 12:41:11, 2022-11-01 12:41:11
165, 7, 52-FNC-7, 57, 2022-03-07 12:41:11, 2022-11-01 12:41:11, 2022-11-01 12:41:11
166, 10, 3-ZDR-56, 58, 2022-04-01 12:41:11, 2022-11-01 12:41:11, 2022-11-01 12:41:11
167, 12, 2-AZY-87, 91, 2022-08-29 12:41:11, 2022-11-01 12:41:11, 2022-11-01 12:41:11
168, 18, XC-87-87, 89, 2022-09-16 12:41:11, 2022-11-01 12:41:11, 2022-11-01 12:41:11
169, 12, RP-72-72, 90, 2021-11-02 12:41:11, 2022-11-01 12:41:11, 2022-11-01 12:41:11
170, 3, 8-SE-952, 92, 2022-01-30 12:41:11, 2022-11-01 12:41:11, 2022-11-01 12:41:11
171, 11, 3-ZDR-56, 120, 2021-12-29 12:41:11, 2022-11-01 12:41:11, 2022-11-01 12:41:11
172, 7, 3-NP-200, 60, 2022-08-26 12:41:11, 2022-11-01 12:41:11, 2022-11-01 12:41:11
173, 3, ZY-96-96, 96, 2022-03-04 12:41:11, 2022-11-01 12:41:11, 2022-11-01 12:41:11
174, 3, 2-TH-790, 92, 2022-10-04 12:41:11, 2022-11-01 12:41:11, 2022-11-01 12:41:11
175, 12, GA-GA-22, 94, 2022-06-06 12:41:11, 2022-11-01 12:41:11, 2022-11-01 12:41:11
176, 2, 3-NUR-37, 58, 2022-08-26 12:41:11, 2022-11-01 12:41:11, 2022-11-01 12:41:11
177, 9, 2-FA-732, 58, 2021-11-02 12:41:11, 2022-11-01 12:41:11, 2022-11-01 12:41:11
178, 1, 8-YMZ-50, 111, 2022-06-21 12:41:11, 2022-11-01 12:41:11, 2022-11-01 12:41:11
179, 7, GP-380-H, 55, 2022-01-21 12:41:11, 2022-11-01 12:41:11, 2022-11-01 12:41:11
180, 6, RZ-715-M, 117, 2021-12-06 12:41:11, 2022-11-01 12:41:11, 2022-11-01 12:41:11
181, 18, BC-775-X, 88, 2022-06-03 12:41:11, 2022-11-01 12:41:11, 2022-11-01 12:41:11
182, 13, ZY-96-96, 111, 2021-11-27 12:41:11, 2022-11-01 12:41:11, 2022-11-01 12:41:11
183, 20, KV-82-82, 57, 2022-01-12 12:41:11, 2022-11-01 12:41:11, 2022-11-01 12:41:11
184, 4, G-869-BN, 111, 2021-12-05 12:41:11, 2022-11-01 12:41:11, 2022-11-01 12:41:11
185, 7, S-378-CR, 58, 2022-09-04 12:41:11, 2022-11-01 12:41:11, 2022-11-01 12:41:11
186, 15, 7-APW-58, 112, 2021-12-08 12:41:11, 2022-11-01 12:41:11, 2022-11-01 12:41:11
187, 18, 0-MPW-81, 90, 2022-07-20 12:41:11, 2022-11-01 12:41:11, 2022-11-01 12:41:11
188, 9, 68-NNN-8, 60, 2022-04-28 12:41:11, 2022-11-01 12:41:11, 2022-11-01 12:41:11
189, 9, GA-GA-22, 58, 2022-05-29 12:41:11, 2022-11-01 12:41:11, 2022-11-01 12:41:11
190, 7, UE-035-P, 58, 2022-03-06 12:41:11, 2022-11-01 12:41:11, 2022-11-01 12:41:11
191, 14, NR-08-08, 58, 2021-11-02 12:41:11, 2022-11-01 12:41:11, 2022-11-01 12:41:11
192, 10, 2-TH-790, 58, 2022-09-15 12:41:11, 2022-11-01 12:41:11, 2022-11-01 12:41:11
193, 18, ZY-96-96, 90, 2021-12-27 12:41:11, 2022-11-01 12:41:11, 2022-11-01 12:41:11
194, 19, ZY-96-96, 114, 2022-08-03 12:41:11, 2022-11-01 12:41:11, 2022-11-01 12:41:11
195, 20, 8-GLN-19, 55, 2022-04-06 12:41:11, 2022-11-01 12:41:11, 2022-11-01 12:41:11
196, 15, 1-WKV-23, 116, 2022-08-13 12:41:11, 2022-11-01 12:41:11, 2022-11-01 12:41:11
197, 13, 3-ZUH-20, 113, 2022-06-27 12:41:11, 2022-11-01 12:41:11, 2022-11-01 12:41:11
198, 19, 2-TH-790, 112, 2022-05-31 12:41:11, 2022-11-01 12:41:11, 2022-11-01 12:41:11
199, 14, 3-NUR-37, 58, 2022-08-02 12:41:11, 2022-11-01 12:41:11, 2022-11-01 12:41:11
200, 20, 3-ZDR-56, 55, 2022-03-02 12:41:11, 2022-11-01 12:41:11, 2022-11-01 12:41:11
201, 14, 2-AZY-87, 57, 2022-01-11 12:41:11, 2022-11-01 12:41:11, 2022-11-01 12:41:11
202, 20, 2-VYW-91, 57, 2022-09-22 12:41:11, 2022-11-01 12:41:11, 2022-11-01 12:41:11
203, 15, WP-03-03, 113, 2022-06-28 12:41:11, 2022-11-01 12:41:11, 2022-11-01 12:41:11
204, 2, 8-GLN-19, 60, 2022-03-02 12:41:11, 2022-11-01 12:41:11, 2022-11-01 12:41:11
205, 7, N-516-SP, 57, 2021-12-28 12:41:11, 2022-11-01 12:41:11, 2022-11-01 12:41:11
206, 16, S-878-RS, 56, 2022-10-17 12:41:11, 2022-11-01 12:41:11, 2022-11-01 12:41:11
207, 13, 2-TH-790, 117, 2022-04-20 12:41:11, 2022-11-01 12:41:11, 2022-11-01 12:41:11
208, 16, 1-CK-618, 55, 2022-01-28 12:41:11, 2022-11-01 12:41:11, 2022-11-01 12:41:11
209, 9, 7-APW-58, 59, 2022-08-21 12:41:11, 2022-11-01 12:41:11, 2022-11-01 12:41:11
210, 5, 91-RET-0, 115, 2022-08-02 12:41:11, 2022-11-01 12:41:11, 2022-11-01 12:41:11
211, 15, N-516-SP, 114, 2021-12-15 12:41:11, 2022-11-01 12:41:11, 2022-11-01 12:41:11
212, 10, 3-NUR-37, 55, 2022-05-05 12:41:11, 2022-11-01 12:41:11, 2022-11-01 12:41:11
213, 9, 91-RET-0, 59, 2022-01-16 12:41:11, 2022-11-01 12:41:11, 2022-11-01 12:41:11
214, 11, KV-82-82, 113, 2022-04-18 12:41:11, 2022-11-01 12:41:11, 2022-11-01 12:41:11
215, 3, T-148-BN, 95, 2022-02-18 12:41:11, 2022-11-01 12:41:11, 2022-11-01 12:41:11
216, 19, 22-ULR-1, 110, 2021-12-18 12:41:11, 2022-11-01 12:41:11, 2022-11-01 12:41:11
217, 18, S-878-RS, 93, 2022-10-09 12:41:11, 2022-11-01 12:41:11, 2022-11-01 12:41:11
218, 15, S-878-RS, 116, 2022-09-07 12:41:11, 2022-11-01 12:41:11, 2022-11-01 12:41:11
219, 6, 8-YMZ-50, 111, 2022-03-04 12:41:11, 2022-11-01 12:41:11, 2022-11-01 12:41:11
220, 1, 52-FNC-7, 111, 2022-09-02 12:41:11, 2022-11-01 12:41:11, 2022-11-01 12:41:11
221, 11, 7-APW-58, 119, 2022-07-12 12:41:11, 2022-11-01 12:41:11, 2022-11-01 12:41:11
222, 2, 3-ZDR-56, 60, 2022-05-03 12:41:11, 2022-11-01 12:41:11, 2022-11-01 12:41:11
223, 1, 1-WKV-23, 114, 2022-09-22 12:41:11, 2022-11-01 12:41:11, 2022-11-01 12:41:11
224, 14, 1-WKV-23, 56, 2022-03-18 12:41:11, 2022-11-01 12:41:11, 2022-11-01 12:41:11
225, 14, YH-667-D, 56, 2022-10-22 12:41:11, 2022-11-01 12:41:11, 2022-11-01 12:41:11
226, 18, 9-HNM-33, 91, 2022-09-25 12:41:11, 2022-11-01 12:41:11, 2022-11-01 12:41:11
227, 19, S-878-RS, 110, 2022-04-24 12:41:11, 2022-11-01 12:41:11, 2022-11-01 12:41:11
228, 19, S-878-RS, 112, 2022-04-20 12:41:11, 2022-11-01 12:41:11, 2022-11-01 12:41:11
229, 5, KV-82-82, 120, 2022-04-18 12:41:11, 2022-11-01 12:41:11, 2022-11-01 12:41:11
230, 20, G-869-BN, 57, 2022-09-07 12:41:11, 2022-11-01 12:41:11, 2022-11-01 12:41:11
231, 14, GP-380-H, 60, 2021-11-13 12:41:11, 2022-11-01 12:41:11, 2022-11-01 12:41:11
232, 17, 3-ZDR-56, 55, 2022-07-20 12:41:11, 2022-11-01 12:41:11, 2022-11-01 12:41:11
233, 2, 91-RET-0, 56, 2022-02-24 12:41:11, 2022-11-01 12:41:11, 2022-11-01 12:41:11
234, 10, 91-RET-0, 59, 2021-12-30 12:41:11, 2022-11-01 12:41:11, 2022-11-01 12:41:11
235, 9, S-878-RS, 57, 2022-09-06 12:41:11, 2022-11-01 12:41:11, 2022-11-01 12:41:11
236, 5, T-148-BN, 117, 2022-02-10 12:41:11, 2022-11-01 12:41:11, 2022-11-01 12:41:11
237, 20, T-148-BN, 59, 2022-09-14 12:41:11, 2022-11-01 12:41:11, 2022-11-01 12:41:11
238, 18, NR-08-08, 96, 2022-04-08 12:41:11, 2022-11-01 12:41:11, 2022-11-01 12:41:11
239, 17, NR-08-08, 58, 2022-02-23 12:41:11, 2022-11-01 12:41:11, 2022-11-01 12:41:11
240, 19, 3-NUR-37, 120, 2022-06-22 12:41:11, 2022-11-01 12:41:11, 2022-11-01 12:41:11
241, 13, G-869-BN, 110, 2022-06-07 12:41:11, 2022-11-01 12:41:11, 2022-11-01 12:41:11
242, 13, 8-GLN-19, 118, 2022-09-15 12:41:11, 2022-11-01 12:41:11, 2022-11-01 12:41:11
243, 12, 2-VYW-91, 88, 2021-11-29 12:41:11, 2022-11-01 12:41:11, 2022-11-01 12:41:11
244, 9, 4-ZB-223, 57, 2021-12-03 12:41:11, 2022-11-01 12:41:11, 2022-11-01 12:41:11
245, 17, 68-NNN-8, 56, 2022-09-07 12:41:11, 2022-11-01 12:41:11, 2022-11-01 12:41:11
246, 18, WU-843-N, 94, 2022-09-09 12:41:11, 2022-11-01 12:41:11, 2022-11-01 12:41:11
247, 7, 3-ZDR-56, 59, 2021-11-06 12:41:11, 2022-11-01 12:41:11, 2022-11-01 12:41:11
248, 2, GP-380-H, 56, 2022-04-06 12:41:11, 2022-11-01 12:41:11, 2022-11-01 12:41:11
249, 16, SJ-952-J, 56, 2022-09-13 12:41:11, 2022-11-01 12:41:11, 2022-11-01 12:41:11
250, 15, 3-NUR-37, 111, 2022-09-25 12:41:11, 2022-11-01 12:41:11, 2022-11-01 12:41:11
251, 12, KV-82-82, 88, 2021-11-09 12:41:11, 2022-11-01 12:41:11, 2022-11-01 12:41:11
252, 13, KV-82-82, 115, 2022-10-17 12:41:11, 2022-11-01 12:41:11, 2022-11-01 12:41:11
253, 20, 78-ELH-5, 57, 2022-09-17 12:41:11, 2022-11-01 12:41:11, 2022-11-01 12:41:11
254, 15, 3-ZDR-56, 113, 2021-12-13 12:41:11, 2022-11-01 12:41:11, 2022-11-01 12:41:11
255, 15, XC-87-87, 115, 2022-03-14 12:41:11, 2022-11-01 12:41:11, 2022-11-01 12:41:11
256, 3, NR-08-08, 88, 2022-02-13 12:41:11, 2022-11-01 12:41:11, 2022-11-01 12:41:11
257, 4, 8-SE-952, 111, 2021-12-11 12:41:11, 2022-11-01 12:41:11, 2022-11-01 12:41:11
258, 1, 3-ZUH-20, 112, 2021-12-12 12:41:11, 2022-11-01 12:41:11, 2022-11-01 12:41:11
259, 20, 9-JGZ-78, 59, 2022-08-15 12:41:11, 2022-11-01 12:41:11, 2022-11-01 12:41:11
260, 20, 9-JGZ-78, 59, 2022-06-21 12:41:11, 2022-11-01 12:41:11, 2022-11-01 12:41:11
261, 11, S-378-CR, 112, 2022-01-11 12:41:11, 2022-11-01 12:41:11, 2022-11-01 12:41:11
262, 13, 3-ZDR-56, 119, 2022-06-26 12:41:11, 2022-11-01 12:41:11, 2022-11-01 12:41:11
263, 10, 2-FA-732, 57, 2022-05-20 12:41:11, 2022-11-01 12:41:11, 2022-11-01 12:41:11
264, 11, 3-NUR-37, 118, 2021-11-08 12:41:11, 2022-11-01 12:41:11, 2022-11-01 12:41:11
265, 15, XC-87-87, 113, 2021-12-17 12:41:11, 2022-11-01 12:41:11, 2022-11-01 12:41:11
266, 9, 2-TH-790, 60, 2022-06-02 12:41:11, 2022-11-01 12:41:11, 2022-11-01 12:41:11
267, 11, WU-843-N, 119, 2021-11-14 12:41:11, 2022-11-01 12:41:11, 2022-11-01 12:41:11
268, 16, KV-82-82, 56, 2022-02-19 12:41:11, 2022-11-01 12:41:11, 2022-11-01 12:41:11
269, 14, WP-03-03, 59, 2022-05-20 12:41:11, 2022-11-01 12:41:11, 2022-11-01 12:41:11
270, 9, H-159-DK, 58, 2022-09-16 12:41:11, 2022-11-01 12:41:11, 2022-11-01 12:41:11
271, 3, 9-HNM-33, 94, 2022-09-17 12:41:11, 2022-11-01 12:41:11, 2022-11-01 12:41:11
272, 7, RZ-715-M, 58, 2022-01-07 12:41:11, 2022-11-01 12:41:11, 2022-11-01 12:41:11
273, 19, 78-ELH-5, 113, 2022-01-04 12:41:11, 2022-11-01 12:41:11, 2022-11-01 12:41:11
274, 2, H-159-DK, 60, 2022-04-27 12:41:11, 2022-11-01 12:41:11, 2022-11-01 12:41:11
275, 10, 1-CK-618, 57, 2022-06-25 12:41:11, 2022-11-01 12:41:11, 2022-11-01 12:41:11
276, 14, 68-NNN-8, 57, 2022-03-04 12:41:11, 2022-11-01 12:41:11, 2022-11-01 12:41:11
277, 3, 9-HNM-33, 96, 2022-02-11 12:41:11, 2022-11-01 12:41:11, 2022-11-01 12:41:11
278, 1, ZY-96-96, 112, 2021-12-04 12:41:11, 2022-11-01 12:41:11, 2022-11-01 12:41:11
279, 14, 2-FA-732, 57, 2022-01-25 12:41:11, 2022-11-01 12:41:11, 2022-11-01 12:41:11
280, 2, 9-JGZ-78, 56, 2021-11-25 12:41:11, 2022-11-01 12:41:11, 2022-11-01 12:41:11
281, 1, JE-43-43, 118, 2022-10-10 12:41:11, 2022-11-01 12:41:11, 2022-11-01 12:41:11
282, 7, 4-ZB-223, 58, 2021-12-05 12:41:11, 2022-11-01 12:41:11, 2022-11-01 12:41:11
283, 1, WU-843-N, 111, 2022-10-05 12:41:11, 2022-11-01 12:41:11, 2022-11-01 12:41:11
284, 17, 4-ZB-223, 57, 2022-10-17 12:41:11, 2022-11-01 12:41:11, 2022-11-01 12:41:11
285, 7, 2-FA-732, 59, 2021-12-28 12:41:11, 2022-11-01 12:41:11, 2022-11-01 12:41:11
286, 5, 8-YMZ-50, 116, 2022-08-27 12:41:11, 2022-11-01 12:41:11, 2022-11-01 12:41:11
287, 5, 52-FNC-7, 112, 2022-02-13 12:41:11, 2022-11-01 12:41:11, 2022-11-01 12:41:11
288, 2, RP-72-72, 56, 2022-05-04 12:41:11, 2022-11-01 12:41:11, 2022-11-01 12:41:11
289, 16, 9-HNM-33, 59, 2022-02-26 12:41:11, 2022-11-01 12:41:11, 2022-11-01 12:41:11
290, 16, WU-843-N, 59, 2022-09-16 12:41:11, 2022-11-01 12:41:11, 2022-11-01 12:41:11
291, 15, JE-43-43, 116, 2022-03-05 12:41:11, 2022-11-01 12:41:11, 2022-11-01 12:41:11
292, 11, RZ-715-M, 110, 2022-05-27 12:41:11, 2022-11-01 12:41:11, 2022-11-01 12:41:11
293, 6, 3-ZDR-56, 119, 2022-03-03 12:41:11, 2022-11-01 12:41:11, 2022-11-01 12:41:11
294, 3, RP-72-72, 89, 2022-02-03 12:41:11, 2022-11-01 12:41:11, 2022-11-01 12:41:11
295, 12, 1-CK-618, 96, 2022-09-09 12:41:11, 2022-11-01 12:41:11, 2022-11-01 12:41:11
296, 19, 22-ULR-1, 116, 2021-11-12 12:41:11, 2022-11-01 12:41:11, 2022-11-01 12:41:11
297, 18, 22-ULR-1, 93, 2022-01-12 12:41:11, 2022-11-01 12:41:11, 2022-11-01 12:41:11
298, 19, 0-DHK-54, 111, 2022-03-31 12:41:11, 2022-11-01 12:41:11, 2022-11-01 12:41:11
299, 18, R-934-AX, 93, 2021-11-20 12:41:11, 2022-11-01 12:41:11, 2022-11-01 12:41:11
300, 18, G-869-BN, 96, 2022-06-30 12:41:11, 2022-11-01 12:41:11, 2022-11-01 12:41:11
